{
  "timestamp": "2026-04-23T05:44:17.786946",
  "current_performance": {
    "eval_rate": 0.34,
    "shadow_rate": 0.66,
    "win_efficiency": 0.058823529411764705,
    "trade_efficiency": 0.058823529411764705,
    "total_pnl": 